<annotation>
	<folder>sim_data</folder>
	<filename>frame0463.jpg</filename>
	<path>/home/lics/Desktop/CarND/CarND-Capstone/traffic_light_detector_python3/tl_data/sim_data/frame0463.jpg</path>
	<source>
		<database>Unknown</database>
	</source>
	<size>
		<width>800</width>
		<height>600</height>
		<depth>3</depth>
	</size>
	<segmented>0</segmented>
	<object>
		<name>traffic_light_red</name>
		<pose>Unspecified</pose>
		<truncated>0</truncated>
		<difficult>0</difficult>
		<bndbox>
			<xmin>276</xmin>
			<ymin>108</ymin>
			<xmax>359</xmax>
			<ymax>289</ymax>
		</bndbox>
	</object>
	<object>
		<name>traffic_light_red</name>
		<pose>Unspecified</pose>
		<truncated>0</truncated>
		<difficult>0</difficult>
		<bndbox>
			<xmin>618</xmin>
			<ymin>117</ymin>
			<xmax>701</xmax>
			<ymax>298</ymax>
		</bndbox>
	</object>
</annotation>
