<annotation>
	<folder>sim_data</folder>
	<filename>frame0321.jpg</filename>
	<path>/home/lics/Desktop/CarND/CarND-Capstone/traffic_light_detector_python3/tl_data/sim_data/frame0321.jpg</path>
	<source>
		<database>Unknown</database>
	</source>
	<size>
		<width>800</width>
		<height>600</height>
		<depth>3</depth>
	</size>
	<segmented>0</segmented>
	<object>
		<name>traffic_light_red</name>
		<pose>Unspecified</pose>
		<truncated>0</truncated>
		<difficult>0</difficult>
		<bndbox>
			<xmin>349</xmin>
			<ymin>518</ymin>
			<xmax>369</xmax>
			<ymax>556</ymax>
		</bndbox>
	</object>
	<object>
		<name>traffic_light_red</name>
		<pose>Unspecified</pose>
		<truncated>0</truncated>
		<difficult>0</difficult>
		<bndbox>
			<xmin>417</xmin>
			<ymin>518</ymin>
			<xmax>437</xmax>
			<ymax>556</ymax>
		</bndbox>
	</object>
	<object>
		<name>traffic_light_red</name>
		<pose>Unspecified</pose>
		<truncated>0</truncated>
		<difficult>0</difficult>
		<bndbox>
			<xmin>485</xmin>
			<ymin>523</ymin>
			<xmax>505</xmax>
			<ymax>561</ymax>
		</bndbox>
	</object>
</annotation>
