<annotation>
	<folder>sim_data</folder>
	<filename>frame0457.jpg</filename>
	<path>/home/lics/Desktop/CarND/CarND-Capstone/traffic_light_detector_python3/tl_data/sim_data/frame0457.jpg</path>
	<source>
		<database>Unknown</database>
	</source>
	<size>
		<width>800</width>
		<height>600</height>
		<depth>3</depth>
	</size>
	<segmented>0</segmented>
	<object>
		<name>traffic_light_red</name>
		<pose>Unspecified</pose>
		<truncated>1</truncated>
		<difficult>0</difficult>
		<bndbox>
			<xmin>1</xmin>
			<ymin>158</ymin>
			<xmax>51</xmax>
			<ymax>318</ymax>
		</bndbox>
	</object>
	<object>
		<name>traffic_light_red</name>
		<pose>Unspecified</pose>
		<truncated>0</truncated>
		<difficult>0</difficult>
		<bndbox>
			<xmin>287</xmin>
			<ymin>169</ymin>
			<xmax>362</xmax>
			<ymax>327</ymax>
		</bndbox>
	</object>
	<object>
		<name>traffic_light_red</name>
		<pose>Unspecified</pose>
		<truncated>0</truncated>
		<difficult>0</difficult>
		<bndbox>
			<xmin>592</xmin>
			<ymin>187</ymin>
			<xmax>663</xmax>
			<ymax>332</ymax>
		</bndbox>
	</object>
</annotation>
