<annotation>
	<folder>sim_data</folder>
	<filename>frame0433.jpg</filename>
	<path>/home/lics/Desktop/CarND/CarND-Capstone/traffic_light_detector_python3/tl_data/sim_data/frame0433.jpg</path>
	<source>
		<database>Unknown</database>
	</source>
	<size>
		<width>800</width>
		<height>600</height>
		<depth>3</depth>
	</size>
	<segmented>0</segmented>
	<object>
		<name>traffic_light_yellow</name>
		<pose>Unspecified</pose>
		<truncated>0</truncated>
		<difficult>0</difficult>
		<bndbox>
			<xmin>62</xmin>
			<ymin>267</ymin>
			<xmax>119</xmax>
			<ymax>388</ymax>
		</bndbox>
	</object>
	<object>
		<name>traffic_light_yellow</name>
		<pose>Unspecified</pose>
		<truncated>0</truncated>
		<difficult>0</difficult>
		<bndbox>
			<xmin>300</xmin>
			<ymin>274</ymin>
			<xmax>357</xmax>
			<ymax>395</ymax>
		</bndbox>
	</object>
	<object>
		<name>traffic_light_yellow</name>
		<pose>Unspecified</pose>
		<truncated>0</truncated>
		<difficult>0</difficult>
		<bndbox>
			<xmin>536</xmin>
			<ymin>281</ymin>
			<xmax>593</xmax>
			<ymax>402</ymax>
		</bndbox>
	</object>
</annotation>
