<annotation>
	<folder>sim_data</folder>
	<filename>frame0123.jpg</filename>
	<path>/home/lics/Desktop/CarND/CarND-Capstone/traffic_light_detector_python3/tl_data/sim_data/frame0123.jpg</path>
	<source>
		<database>Unknown</database>
	</source>
	<size>
		<width>800</width>
		<height>600</height>
		<depth>3</depth>
	</size>
	<segmented>0</segmented>
	<object>
		<name>traffic_light_green</name>
		<pose>Unspecified</pose>
		<truncated>1</truncated>
		<difficult>0</difficult>
		<bndbox>
			<xmin>1</xmin>
			<ymin>58</ymin>
			<xmax>86</xmax>
			<ymax>251</ymax>
		</bndbox>
	</object>
	<object>
		<name>traffic_light_green</name>
		<pose>Unspecified</pose>
		<truncated>0</truncated>
		<difficult>0</difficult>
		<bndbox>
			<xmin>373</xmin>
			<ymin>64</ymin>
			<xmax>459</xmax>
			<ymax>257</ymax>
		</bndbox>
	</object>
	<object>
		<name>traffic_light_green</name>
		<pose>Unspecified</pose>
		<truncated>1</truncated>
		<difficult>0</difficult>
		<bndbox>
			<xmin>753</xmin>
			<ymin>68</ymin>
			<xmax>800</xmax>
			<ymax>260</ymax>
		</bndbox>
	</object>
</annotation>
