<annotation>
	<folder>sim_data</folder>
	<filename>frame0114.jpg</filename>
	<path>/home/lics/Desktop/CarND/CarND-Capstone/traffic_light_detector_python3/tl_data/sim_data/frame0114.jpg</path>
	<source>
		<database>Unknown</database>
	</source>
	<size>
		<width>800</width>
		<height>600</height>
		<depth>3</depth>
	</size>
	<segmented>0</segmented>
	<object>
		<name>traffic_light_green</name>
		<pose>Unspecified</pose>
		<truncated>1</truncated>
		<difficult>0</difficult>
		<bndbox>
			<xmin>1</xmin>
			<ymin>66</ymin>
			<xmax>91</xmax>
			<ymax>256</ymax>
		</bndbox>
	</object>
	<object>
		<name>traffic_light_green</name>
		<pose>Unspecified</pose>
		<truncated>0</truncated>
		<difficult>0</difficult>
		<bndbox>
			<xmin>372</xmin>
			<ymin>71</ymin>
			<xmax>463</xmax>
			<ymax>261</ymax>
		</bndbox>
	</object>
	<object>
		<name>traffic_light_green</name>
		<pose>Unspecified</pose>
		<truncated>1</truncated>
		<difficult>0</difficult>
		<bndbox>
			<xmin>750</xmin>
			<ymin>74</ymin>
			<xmax>800</xmax>
			<ymax>264</ymax>
		</bndbox>
	</object>
</annotation>
