<annotation>
	<folder>sim_data</folder>
	<filename>frame0428.jpg</filename>
	<path>/home/lics/Desktop/CarND/CarND-Capstone/traffic_light_detector_python3/tl_data/sim_data/frame0428.jpg</path>
	<source>
		<database>Unknown</database>
	</source>
	<size>
		<width>800</width>
		<height>600</height>
		<depth>3</depth>
	</size>
	<segmented>0</segmented>
	<object>
		<name>traffic_light_yellow</name>
		<pose>Unspecified</pose>
		<truncated>0</truncated>
		<difficult>0</difficult>
		<bndbox>
			<xmin>73</xmin>
			<ymin>277</ymin>
			<xmax>131</xmax>
			<ymax>398</ymax>
		</bndbox>
	</object>
	<object>
		<name>traffic_light_yellow</name>
		<pose>Unspecified</pose>
		<truncated>0</truncated>
		<difficult>0</difficult>
		<bndbox>
			<xmin>301</xmin>
			<ymin>283</ymin>
			<xmax>359</xmax>
			<ymax>404</ymax>
		</bndbox>
	</object>
	<object>
		<name>traffic_light_yellow</name>
		<pose>Unspecified</pose>
		<truncated>0</truncated>
		<difficult>0</difficult>
		<bndbox>
			<xmin>525</xmin>
			<ymin>290</ymin>
			<xmax>583</xmax>
			<ymax>411</ymax>
		</bndbox>
	</object>
</annotation>
