<annotation>
	<folder>sim_data</folder>
	<filename>frame0435.jpg</filename>
	<path>/home/lics/Desktop/CarND/CarND-Capstone/traffic_light_detector_python3/tl_data/sim_data/frame0435.jpg</path>
	<source>
		<database>Unknown</database>
	</source>
	<size>
		<width>800</width>
		<height>600</height>
		<depth>3</depth>
	</size>
	<segmented>0</segmented>
	<object>
		<name>traffic_light_yellow</name>
		<pose>Unspecified</pose>
		<truncated>0</truncated>
		<difficult>0</difficult>
		<bndbox>
			<xmin>62</xmin>
			<ymin>266</ymin>
			<xmax>122</xmax>
			<ymax>390</ymax>
		</bndbox>
	</object>
	<object>
		<name>traffic_light_yellow</name>
		<pose>Unspecified</pose>
		<truncated>0</truncated>
		<difficult>0</difficult>
		<bndbox>
			<xmin>300</xmin>
			<ymin>272</ymin>
			<xmax>360</xmax>
			<ymax>396</ymax>
		</bndbox>
	</object>
	<object>
		<name>traffic_light_yellow</name>
		<pose>Unspecified</pose>
		<truncated>0</truncated>
		<difficult>0</difficult>
		<bndbox>
			<xmin>538</xmin>
			<ymin>281</ymin>
			<xmax>598</xmax>
			<ymax>405</ymax>
		</bndbox>
	</object>
</annotation>
