<annotation>
	<folder>sim_data</folder>
	<filename>frame0446.jpg</filename>
	<path>/home/lics/Desktop/CarND/CarND-Capstone/traffic_light_detector_python3/tl_data/sim_data/frame0446.jpg</path>
	<source>
		<database>Unknown</database>
	</source>
	<size>
		<width>800</width>
		<height>600</height>
		<depth>3</depth>
	</size>
	<segmented>0</segmented>
	<object>
		<name>traffic_light_yellow</name>
		<pose>Unspecified</pose>
		<truncated>0</truncated>
		<difficult>0</difficult>
		<bndbox>
			<xmin>25</xmin>
			<ymin>220</ymin>
			<xmax>94</xmax>
			<ymax>363</ymax>
		</bndbox>
	</object>
	<object>
		<name>traffic_light_yellow</name>
		<pose>Unspecified</pose>
		<truncated>0</truncated>
		<difficult>0</difficult>
		<bndbox>
			<xmin>292</xmin>
			<ymin>229</ymin>
			<xmax>361</xmax>
			<ymax>372</ymax>
		</bndbox>
	</object>
	<object>
		<name>traffic_light_yellow</name>
		<pose>Unspecified</pose>
		<truncated>0</truncated>
		<difficult>0</difficult>
		<bndbox>
			<xmin>557</xmin>
			<ymin>238</ymin>
			<xmax>626</xmax>
			<ymax>381</ymax>
		</bndbox>
	</object>
</annotation>
