<annotation>
	<folder>sim_data</folder>
	<filename>frame0384.jpg</filename>
	<path>/home/lics/Desktop/CarND/CarND-Capstone/traffic_light_detector_python3/tl_data/sim_data/frame0384.jpg</path>
	<source>
		<database>Unknown</database>
	</source>
	<size>
		<width>800</width>
		<height>600</height>
		<depth>3</depth>
	</size>
	<segmented>0</segmented>
	<object>
		<name>traffic_light_green</name>
		<pose>Unspecified</pose>
		<truncated>0</truncated>
		<difficult>0</difficult>
		<bndbox>
			<xmin>97</xmin>
			<ymin>403</ymin>
			<xmax>134</xmax>
			<ymax>478</ymax>
		</bndbox>
	</object>
	<object>
		<name>traffic_light_green</name>
		<pose>Unspecified</pose>
		<truncated>0</truncated>
		<difficult>0</difficult>
		<bndbox>
			<xmin>242</xmin>
			<ymin>405</ymin>
			<xmax>279</xmax>
			<ymax>480</ymax>
		</bndbox>
	</object>
	<object>
		<name>traffic_light_green</name>
		<pose>Unspecified</pose>
		<truncated>0</truncated>
		<difficult>0</difficult>
		<bndbox>
			<xmin>383</xmin>
			<ymin>410</ymin>
			<xmax>420</xmax>
			<ymax>485</ymax>
		</bndbox>
	</object>
</annotation>
