<annotation>
	<folder>sim_data</folder>
	<filename>frame0424.jpg</filename>
	<path>/home/lics/Desktop/CarND/CarND-Capstone/traffic_light_detector_python3/tl_data/sim_data/frame0424.jpg</path>
	<source>
		<database>Unknown</database>
	</source>
	<size>
		<width>800</width>
		<height>600</height>
		<depth>3</depth>
	</size>
	<segmented>0</segmented>
	<object>
		<name>traffic_light_green</name>
		<pose>Unspecified</pose>
		<truncated>0</truncated>
		<difficult>0</difficult>
		<bndbox>
			<xmin>86</xmin>
			<ymin>306</ymin>
			<xmax>143</xmax>
			<ymax>419</ymax>
		</bndbox>
	</object>
	<object>
		<name>traffic_light_green</name>
		<pose>Unspecified</pose>
		<truncated>0</truncated>
		<difficult>0</difficult>
		<bndbox>
			<xmin>303</xmin>
			<ymin>311</ymin>
			<xmax>360</xmax>
			<ymax>424</ymax>
		</bndbox>
	</object>
	<object>
		<name>traffic_light_green</name>
		<pose>Unspecified</pose>
		<truncated>0</truncated>
		<difficult>0</difficult>
		<bndbox>
			<xmin>515</xmin>
			<ymin>319</ymin>
			<xmax>572</xmax>
			<ymax>432</ymax>
		</bndbox>
	</object>
</annotation>
