<annotation>
	<folder>sim_data</folder>
	<filename>frame0431.jpg</filename>
	<path>/home/lics/Desktop/CarND/CarND-Capstone/traffic_light_detector_python3/tl_data/sim_data/frame0431.jpg</path>
	<source>
		<database>Unknown</database>
	</source>
	<size>
		<width>800</width>
		<height>600</height>
		<depth>3</depth>
	</size>
	<segmented>0</segmented>
	<object>
		<name>traffic_light_yellow</name>
		<pose>Unspecified</pose>
		<truncated>0</truncated>
		<difficult>0</difficult>
		<bndbox>
			<xmin>65</xmin>
			<ymin>268</ymin>
			<xmax>122</xmax>
			<ymax>387</ymax>
		</bndbox>
	</object>
	<object>
		<name>traffic_light_yellow</name>
		<pose>Unspecified</pose>
		<truncated>0</truncated>
		<difficult>0</difficult>
		<bndbox>
			<xmin>300</xmin>
			<ymin>274</ymin>
			<xmax>357</xmax>
			<ymax>393</ymax>
		</bndbox>
	</object>
	<object>
		<name>traffic_light_yellow</name>
		<pose>Unspecified</pose>
		<truncated>0</truncated>
		<difficult>0</difficult>
		<bndbox>
			<xmin>534</xmin>
			<ymin>282</ymin>
			<xmax>591</xmax>
			<ymax>401</ymax>
		</bndbox>
	</object>
</annotation>
