<annotation>
	<folder>sim_data</folder>
	<filename>frame0001.jpg</filename>
	<path>/home/lics/Desktop/CarND/CarND-Capstone/traffic_light_detector_python3/tl_data/sim_data/frame0001.jpg</path>
	<source>
		<database>Unknown</database>
	</source>
	<size>
		<width>800</width>
		<height>600</height>
		<depth>3</depth>
	</size>
	<segmented>0</segmented>
	<object>
		<name>traffic_light_red</name>
		<pose>Unspecified</pose>
		<truncated>0</truncated>
		<difficult>0</difficult>
		<bndbox>
			<xmin>124</xmin>
			<ymin>257</ymin>
			<xmax>184</xmax>
			<ymax>383</ymax>
		</bndbox>
	</object>
	<object>
		<name>traffic_light_red</name>
		<pose>Unspecified</pose>
		<truncated>0</truncated>
		<difficult>0</difficult>
		<bndbox>
			<xmin>371</xmin>
			<ymin>261</ymin>
			<xmax>431</xmax>
			<ymax>387</ymax>
		</bndbox>
	</object>
	<object>
		<name>traffic_light_red</name>
		<pose>Unspecified</pose>
		<truncated>0</truncated>
		<difficult>0</difficult>
		<bndbox>
			<xmin>619</xmin>
			<ymin>265</ymin>
			<xmax>679</xmax>
			<ymax>391</ymax>
		</bndbox>
	</object>
</annotation>
