<annotation>
	<folder>sim_data</folder>
	<filename>frame0096.jpg</filename>
	<path>/home/lics/Desktop/CarND/CarND-Capstone/traffic_light_detector_python3/tl_data/sim_data/frame0096.jpg</path>
	<source>
		<database>Unknown</database>
	</source>
	<size>
		<width>800</width>
		<height>600</height>
		<depth>3</depth>
	</size>
	<segmented>0</segmented>
	<object>
		<name>traffic_light_green</name>
		<pose>Unspecified</pose>
		<truncated>0</truncated>
		<difficult>0</difficult>
		<bndbox>
			<xmin>22</xmin>
			<ymin>105</ymin>
			<xmax>109</xmax>
			<ymax>285</ymax>
		</bndbox>
	</object>
	<object>
		<name>traffic_light_green</name>
		<pose>Unspecified</pose>
		<truncated>0</truncated>
		<difficult>0</difficult>
		<bndbox>
			<xmin>369</xmin>
			<ymin>108</ymin>
			<xmax>456</xmax>
			<ymax>288</ymax>
		</bndbox>
	</object>
	<object>
		<name>traffic_light_green</name>
		<pose>Unspecified</pose>
		<truncated>1</truncated>
		<difficult>0</difficult>
		<bndbox>
			<xmin>721</xmin>
			<ymin>111</ymin>
			<xmax>800</xmax>
			<ymax>293</ymax>
		</bndbox>
	</object>
</annotation>
