<annotation>
	<folder>sim_data</folder>
	<filename>frame0071.jpg</filename>
	<path>/home/lics/Desktop/CarND/CarND-Capstone/traffic_light_detector_python3/tl_data/sim_data/frame0071.jpg</path>
	<source>
		<database>Unknown</database>
	</source>
	<size>
		<width>800</width>
		<height>600</height>
		<depth>3</depth>
	</size>
	<segmented>0</segmented>
	<object>
		<name>traffic_light_red</name>
		<pose>Unspecified</pose>
		<truncated>0</truncated>
		<difficult>0</difficult>
		<bndbox>
			<xmin>60</xmin>
			<ymin>161</ymin>
			<xmax>137</xmax>
			<ymax>319</ymax>
		</bndbox>
	</object>
	<object>
		<name>traffic_light_red</name>
		<pose>Unspecified</pose>
		<truncated>0</truncated>
		<difficult>0</difficult>
		<bndbox>
			<xmin>369</xmin>
			<ymin>166</ymin>
			<xmax>446</xmax>
			<ymax>324</ymax>
		</bndbox>
	</object>
	<object>
		<name>traffic_light_red</name>
		<pose>Unspecified</pose>
		<truncated>0</truncated>
		<difficult>0</difficult>
		<bndbox>
			<xmin>681</xmin>
			<ymin>171</ymin>
			<xmax>758</xmax>
			<ymax>329</ymax>
		</bndbox>
	</object>
</annotation>
